title,year,authors,affiliations,journal,citations,keywords,affiliation_missing,source,doi,kc_relevant
Changing Strategies in Keratoplasty After Corneal Hydrops: From Penetrating to Lamellar Approaches–A Narrative Review,2026,Fairaq R.; Kirat O.; AlMutlak M.; Ahad M.A.; Khan O.; AlDayel A.; Khan S.A.; Alshareef M.; Alghamdi W.S.; Bin Helayel H.,"Anterior Segment Division, King Khalid Eye Specialist Hospital, Riyadh, Saudi Arabia; Department of Ophthalmology, Ohud Hospital, Madinah, Saudi Arabia; Department of Ophthalmology, Ministry of National Guard Health Affairs, Riyadh, Saudi Arabia",Clinical Ophthalmology,0,corneal hydrops; corneal transplantation; graft survival; keratoconus; lamellar keratoplasty; visual rehabilitation,False,Scopus,10.2147/OPTH.S568953,True
"Hospital-Based Clinical Profile and Management Patterns of Keratoconus in Riyadh City, Saudi Arabia: A Multi-Center Cross-Sectional Study",2026,Alzahrani K.; Alrashah A.; Almaznai A.; Alzamil H.; Alhamad F.; Alonazi M.; Alqahtani H.; Alamer H.; Alfaifi N.; ALmalki S.; Alrashah K.; Alshehri J.; Eldeeb S.,"Optometry Department, King Fahad Armed Forces Hospital, Jeddah, 23311, Saudi Arabia; Research Administration, Najran Health Cluster, Najran, 66252, Saudi Arabia; Optometry Department, King Saud Medical City, Riyadh, 11461, Saudi Arabia; Ophthalmology Department, Security Forces Hospital, Riyadh, 11481, Saudi Arabia; Binrushd Ophthalmic Centre, Riyadh, 12311, Saudi Arabia; Royal Commission of Jubail, Jubail Industrial City, 35718, Saudi Arabia; College of Applied Medical Sciences, King Saud University, Riyadh, 11451, Saudi Arabia; Optometry Division, King Abdullah Specialized Children’s Hospital, Riyadh, 11426, Saudi Arabia; Comprehensive Specialized Clinic for Security Forces, Najran, 12564, Saudi Arabia; Optometry Department, Faculty of Applied Medical Sciences, Al-Baha University, Al-Baha, 65431, Saudi Arabia; Faculty of Medicine, Zagazig University, Zagazig, 44519, Egypt",Medicina (Lithuania),0,corneal cross-linking; corneal ectasia; keratoconus; Pentacam,False,Scopus,10.3390/medicina62010122,True
Comparison of epithelium-off versus iontophoresis-assisted transepithelial corneal collagen cross-linking in keratoconus: a systematic review and meta-analysis,2026,Alajmi T.S.; Alasmari F.F.; Alasmari T.F.; Bamusa A.; Almarwani S.H.; Aljadani H.T.; Alaslab A.K.; Alghamdi A.; Alalyani M.A.; Qutub M.F.,"College of Medicine, King Saud Bin Abdulaziz University for Health Sciences, Jeddah, Saudi Arabia; King Abdullah International Medical Research Center, Jeddah, Saudi Arabia; Department of Ophthalmology, Ministry of the National Guard-Health Affairs, Jeddah, Saudi Arabia",International Ophthalmology,1,Corneal collagen cross-linking; CXL; I-CXL; Keratoconus,False,Scopus,10.1007/s10792-026-03977-0,True
Ex Vivo Assessment of Excimer Laser-Assisted Lenticule Customization,2026,Abusayf M.M.; Han E.; Liu Y.-C.; Riau A.K.; Mehta J.S.,"Department of Ophthalmology, College of Medicine, King Saud University, Riyadh, Saudi Arabia; Refractive Surgery and Myopia Research Group, Research Excellence Center in Ophthalmology and Visual Sciences, Department of Ophthalmology, College of Medicine, King Saud University, Riyadh, Saudi Arabia; Regenerative Therapy Research Group, Singapore Eye Research Institute, Singapore, Singapore; Ophthalmology and Visual Sciences Academic Clinical Program, Duke–NUS Medical School, Singapore, Singapore; Singapore National Eye Centre, Singapore, Singapore",Translational Vision Science and Technology,0,corneal topography; excimer laser ablation; keratoconus; lenticule extraction; lenticule implantation,False,Scopus,10.1167/tvst.15.5.10,True
Comparison of Corneal and Anterior Chamber Parameters between Myopic Eyes and the LASIK – Treated Eyes Using Pentacam,2026,Moafa M.A.,"Department of Optometry, College of Applied Medical Sciences, Qassim University, Saudi Arabia",Pakistan Journal of Ophthalmology,0,Follow-Up Studies; Global Health; Laser In Situ Keratomileusis; Myopia; Risk Factors,False,Scopus,10.36351/pjo.v42i1.2172,True
Corneal thinning and perforation: a narrative review of diagnostic and stepwise management strategies,2026,Bin Helayel H.; Bin Dakhil N.; Alnutaifi R.; Alkathery F.; Abukhaled Y.; Alsaif B.A.; Aldayel A.; Kirat O.; Fairaq R.,"Anterior Segment Division, King Khaled Eye Specialist Hospital, Al-Urubah Road, Umm Al-Hamam West, Riyadh, 11462, Saudi Arabia; College of Medicine, King Saud University, Riyadh, Saudi Arabia; College of Medicine, Royal College of Surgeons in Ireland, Dublin, Ireland; The University of Tennessee Health Science Center, Memphis, TN, United States; Department of Ophthalmology, College of Medicine, King Fahd Hospital of the University, Imam Abdulrahman Bin Faisal University, Dammam, Saudi Arabia",International Ophthalmology,0,Amniotic membrane transplantation; Corneal perforation; Keratoplasty; Microbial keratitis; Peripheral ulcerative keratitis; Tissue adhesive,False,Scopus,10.1007/s10792-026-04036-4,True
Residents versus experts in interpreting standard Scheimpflug imaging for the diagnosis of keratoconus,2026,Said S.; Blaser F.; Artemiev D.; Stillenmunkes R.; Gjukaj D.; Rechl P.; Bernardi E.; Al-Otaibi W.M.; Hillen M.; Randleman J.B.; Hafezi F.; Torres-Netto E.A.,"Department of Ophthalmology, University Hospital Zurich, University of Zurich, Zurich, Switzerland; Eye Clinic Wettingen, Wettingen, Switzerland; Department of Ophthalmology, Cantonal Hospital St. Gallen, St. Gallen, Switzerland; Augenarztpraxisgemeinschaft Gutblick AG, Pfäffikon, Switzerland; Department of Ophthalmology, Inselspital, Bern University Hospital, University of Bern, Bern, Switzerland; Collage of Applied Medical Sciences, Department of Optometry and Visual Sciences, King Saud University, Riyadh, Saudi Arabia; ELZA Institute, Zurich, Switzerland; Cole Eye Institute, Cleveland Clinic, Cleveland, OH, United States; Cleveland Clinic Lerner College of Medicine of Case Western Reserve University, Cleveland, OH, United States; Faculty of Medicine, University of Geneva, Geneva, Switzerland; Department of Ophthalmology, New York University Grossman School of Medicine, New York University, New York, NY, United States",European Journal of Ophthalmology,0,corneal tomography; diagnostic accuracy; Keratoconus; pentacam; residency training; scheimpflug,False,Scopus,10.1177/11206721261452041,True
Same-day complete suture removal after deep anterior lamellar keratoplasty for keratoconus: a comparative retrospective study,2026,Alenezi S.H.; Alfarhan A.; Alshahrani S.,"Ophthalmology Division, Department of Surgical Specialties, College of Medicine, Majmaah University, Majmaah, Saudi Arabia; King Khaled Eye Specialist Hospital, Riyadh, Saudi Arabia; Department of Ophthalmology, King Abdulaziz Medical City, Ministry of National Guard Health Affairs, Riyadh, Saudi Arabia",Expert Review of Ophthalmology,0,astigmatism; DALK; keratoconus; Keratoplasty; Topography,False,Scopus,10.1080/17469899.2026.2635770,True
Predictive Accuracy of Intraocular Lens Power Calculation Formulas for Cataract Surgery in Keratoconus: A Systematic Review and Network Meta-Analysis,2026,Aljahdali F.F.; Albadri M.; Sharif R.K.; Alharbi B.J.; Alzahrani A.A.; BinYamin A.T.; Bin Helayel H.,"Department of Ophthalmology, Ministry of the National Guard - Health Affairs, Riyadh, Saudi Arabia; King Abdullah International Medical Research Center, Riyadh, Saudi Arabia; College of Medicine, King Saud Bin Abdulaziz University for Health Sciences, Jeddah, Saudi Arabia; King Abdullah International Medical Research Center, Jeddah, Saudi Arabia; Ophthalmology Department, Hera General Hospital, Makkah Health Cluster, Makkah, Saudi Arabia; Ophthalmology Department, King Abdulaziz University Hospital, Jeddah, Saudi Arabia; Department of Ophthalmology, King Fahad Armed Forces Hospital, Jeddah, Saudi Arabia; Anterior Segment Division, King Khaled Eye Specialist Hospital, Riyadh, Saudi Arabia",Clinical Ophthalmology,0,Barrett true-K; cataract surgery; intraocular lens power calculation; Kane keratoconus; keratoconus; network meta-analysis,False,Scopus,10.2147/OPTH.S590465,True
Analysis of topographic corneal parameters in a large cohort of corneal refractive surgery candidates,2026,Abdelghany A.A.; Omar I.,"Department of Ophthalmology, Faculty of Medicine, Minia University, El-Minya, Egypt",Saudi Journal of Ophthalmology,1,Corneal topography; keratoconus; pentacam; refractive surgery,False,Scopus,10.4103/sjopt.sjopt_237_24,True
Awareness About Keratoconus and Its Relation With Eye Rubbing: A Cross-Sectional Study in Riyadh,2026,Alhadlaq S O.; Aljofan A.F.; Alshutayli H.; Alnowaiser S.; Almokhtar A.M.; Alreshidi S.O.; Alnahedh T.,"College of Medicine, King Saud Bin Abdulaziz University for Health Sciences, Riyadh, Saudi Arabia; College of Medicine, Majmaah University, Majmaah, Saudi Arabia; College of Medicine, Royal College of Surgeons, Dublin, Ireland; Ophthalmology Resident, Ministry of National Guard Health Affairs, Riyadh, Saudi Arabia; Ophthalmology Division, Department of Surgical Specialities, College of Medicine, Majmaah University, Majmaah, Saudi Arabia; Department of Medical Education, College of Medicine, King Saud Bin Abdulaziz University for Health Sciences (KSAU-HS), Riyadh, Saudi Arabia",Health Science Reports,0,allergy; awareness; eye rubbing; keratoconus; Saudi Arabia,False,Scopus,10.1002/hsr2.72006,True
Role of Ethnicity and Age in Corneal Curvature and Thickness Changes Following Corneal Cross-Linking for Keratoconus,2026,Alenezi B.M.; Khoyratty F.; Biswas S.; Alshammari Y.S.; Aldakhil S.; Alrasheed S.H.; Radhakrishnan H.,"Department of Optometry, College of Applied Medical Sciences, Qassim University, Buraydah, Saudi Arabia; Department of Ophthalmology, Imperial College NHS Trust, London, United Kingdom; Manchester Royal Eye Hospital, Manchester University NHS Trust and Manchester Academic Health Sciences Centre, Faculty of Biology, Medicine and Health, The University of Manchester, Manchester, United Kingdom; Dhahran Eye Specialist Hospital, Dhahran, Saudi Arabia; Department of Ophthalmology, Dr. Sulaiman Al Habib Hospital, Khobar, Saudi Arabia; Division of Pharmacy and Optometry, Faculty of Biology, Medicine and Health, The University of Manchester, Manchester, United Kingdom",Translational Vision Science and Technology,0,age; corneal cross-linking; corneal curvature and thickness; ethnicity; keratoconus,False,Scopus,10.1167/tvst.15.3.12,True
Stromal graft rejection after deep anterior lamellar keratoplasty at a tertiary care center,2026,Almousa K.S.; Alkharashi M.S.,"Department of Ophthalmology, College of Medicine, King Saud University, Riyadh, Saudi Arabia; Ophthalmology Division, King Fahad Medical City, Riyadh, Saudi Arabia",Saudi Journal of Ophthalmology,0,Graft rejection; lamellar keratoplasty; stromal edema; subepithelial infiltrates,False,Scopus,10.4103/sjopt.sjopt_210_24,True
Factors Associated with Willingness for Corneal Donation in the Western Region of Saudi Arabia,2025,Showail M.; Aljuhani R.,"Department of Ophthalmology, King Abdulaziz University Hospital, Jeddah, Saudi Arabia; Faculty of Medicine, King Abdulaziz University, Jeddah, Saudi Arabia",Clinical Ophthalmology,0,awareness; corneal donation; corneal transplant; willingness,False,Scopus,10.2147/OPTH.S547289,True
Comparing the Efficacy and Safety of Femtosecond Laser-Enabled Keratoplasty and Conventional Penetrating Keratoplasty: A Systematic Review and Meta-Analysis,2025,Baqalaqil D.; Alrayes R.S.; Khan A.A.; Albelowi A.; Alrehaili A.; Alasbool J.; Almansouri O.A.; Alabdulali R.H.; Alghanmi R.M.; Alqazlan Z.; Aalam W.A.,"Ophthalmology Department, National Guard Hospital, Medina, Saudi Arabia; Faculty of Medicine, Taibah University, Medina, Saudi Arabia; Faculty of Medicine, King Abdulaziz University, Jeddah, Saudi Arabia; Ophthalmology Department King Salman Bin Abdulaziz Medical City, Medina, Saudi Arabia; Mansoura University, Mansoura, Egypt; Faculty of Medicine, University of Tabuk, Tabuk, Saudi Arabia; Faculty of Medicine, Alfaisal University, Riyadh, Saudi Arabia; Department of Ophthalmology, ar Rass General Hospital, Ar Rass, Saudi Arabia; Department of Surgery, College of Medicine, University of Jeddah, Jeddah, Saudi Arabia",Clinical Ophthalmology,0,BCVA; complications; CPK; FLKP; postoperative astigmatism; UCVA,False,Scopus,10.2147/OPTH.S538399,True
Predictors for postpenetrating keratoplasty astigmatism: A retrospective cohort study,2025,Al Saad M.; Shehadeh A.; Alryalat S.A.; Khawaldeh T.; Shaqqour R.; Al-Ani R.; Alqhaiwi S.B.; Shehadeh A.; Wahbeh L.; Alrawashdeh H.M.,"Department of Special Surgery, Ophthalmology Division, School of Medicine, The University of Jordan, Jordan; Department of Ophthalmology, Rotherham NHS Foundation Trust, Rotherham, United Kingdom; Department of Radiology, Jordan University Hospital, Jordan; Department of Otorhinolaryngology, Jordan University Hospital, Jordan; Department of Radiation Oncology, King Hussein Cancer Center, Jordan; Department of Ophthalmology, National University Hospital, Singapore",Saudi Journal of Ophthalmology,0,Penetrating keratoplasty; predicting factors; significant astigmatism,False,Scopus,10.4103/sjopt.sjopt_88_22,True
A modified technique of compression sutures combined with intracameral sulfur hexafluoride (SF6) for acute corneal hydrops,2025,Kirat O.; Naaman N.K.; Alsadoon A.; Bin Helayel H.; Fairaq R.,"Anterior Segment Division, King Khaled Eye Specialist Hospital, Riyadh, Saudi Arabia; College of Medicine, King Saud bin Abdulaziz University for Health Sciences, Jeddah, Saudi Arabia; King Abdullah International Medical Research Center, Jeddah, Saudi Arabia; Department of Ophthalmology, Ministry of National Guard - Health Affairs, Jeddah, Saudi Arabia; Fellowship and Residency Training Program, King Khaled Eye Specialist Hospital, Riyadh, Saudi Arabia",AJO International,0,Corneal ectasia; Corneal hydrops; Gas tamponade; Keratoconus,False,Scopus,10.1016/j.ajoint.2025.100140,True
Central Corneal Subepithelial Haze Following Keratoplasty With Interrupted Sutures: A Novel Clinical Finding,2025,Kirat O.; Hawsawi R.; Alhilali S.,"Anterior Segment Division, King Khaled Eye Specialist Hospital, Riyadh, Saudi Arabia",International Medical Case Reports Journal,0,haze; keratoplasty; subepithelial; sutures,False,Scopus,10.2147/IMCRJ.S504331,True
Case Study: Optical Rehabilitation Remedies for a Patient with Keratoconus and Esophoria with Biochemical Aspects,2024,Al Ibrahim A.I.A.; Ali Aboalqasim A.M.; Namazi L.A.; Tawashi M.M.; Faqihi M.Y.; Farhan R.; Albayshi A.A.; Alubaie M.A.; Sayed M.Y.; Alnakhli R.E.; Aishaia F.I.; Aldossary S.B.; Alsubaie N.M.; Mubarek S.A.A.; Raeedi W.A.; Alhamdan A.M.; Hassani A.M.,"Ministry of Health, Saudi Arabia; King Saud Medical City, Ministry of Health, Saudi Arabia; King Saud Hospital for Obstetrics and Gynecology, Ministry of Health, Saudi Arabia; Al dar Albedha2, Ministry of Health, Riyadh, Saudi Arabia; King Saud Medical City, Saudi Arabia",Egyptian Journal of Chemistry,0,Biochemical Aspects; Esophoria; Keratoconus; Rehabilitation,False,Scopus,10.21608/ejchem.2024.345498.11006,True
AI-Based Vision Screening Tool for Keratoconus,2024,Rahman R.; Kumar P.; Sharma Y.K.; Sharma M.; Challa N.K.,"Glocal University, Saharanpur, India; Swami Rama Himalayan University (SRHU), Dehradun, India; ITS Engineering College, Greater Noida, India; Qassim University, Buraidah, Saudi Arabia",Lecture Notes in Electrical Engineering,1,Healthcare technology; Image recognition; Keratoconus; Medical AI tools; Vision screening tool,False,Scopus,10.1007/978-981-97-5231-7_15,True
Outcomes of sutured scleral-fixated intraocular lens implantation combined with penetrating keratoplasty,2024,Almulhim A.; Alsarhani W.K.; Alanazi B.; Alfaleh A.; Aljindan M.; Al Malawi R.M.; Al-Somali A.,"Department of Ophthalmology, College of Medicine, Jouf University, Sakakah, Al-Jouf, Saudi Arabia; Department of Ophthalmology and Vision Sciences, University of Toronto, 340 College Street, Toronto, M5T 3A9, ON, Canada; Department of Ophthalmology, King Faisal Specialist Hospital & amp; Research Centre, Riyadh, Saudi Arabia; Department of Ophthalmology, College of Medicine, Imam Abdulrahman Bin Faisal University, Dammam, Saudi Arabia; College of Computer and Information Sciences, Princess Nourah Bint Abdulrahman University, Riyadh, Saudi Arabia; Department of Ophthalmology, College of Medicine, King Faisal University, Al-Ahsa, Saudi Arabia",BMC Ophthalmology,1,Corneal transplant; Keratoplasty; Scleral-fixated lens implant,False,Scopus,10.1186/s12886-024-03603-6,True
Intraoperative Optical Coherence Tomography (OCT)-Guided Femtosecond Laser-Assisted Descemet Membrane Endothelial Keratoplasty (iFAD),2024,Lim J.; Abusayf M.M.; Liu Y.-C.; Mehta J.S.,"Singapore National Eye Center, Singapore, 168751, Singapore; Singapore Eye Research Institute, Singapore, 169856, Singapore; Department of Ophthalmology, College of Medicine, King Saud University, Riyadh, 11362, Saudi Arabia; Ophthalmology and Visual Sciences Academic Clinical Programme, Duke-NUS Medical School, Singapore, 169857, Singapore",Bioengineering,1,corneal surgery; femtosecond laser; intraoperative optical coherence tomography,False,Scopus,10.3390/bioengineering11121192,True
Scheimpflug Tomography as a Predictor of Corneal Edema After Phacoemulsification in Fuchs Endothelial Corneal Dystrophy,2024,Eleiwa T.K.; Abd El-Azim Mohammed M.; Bayoumy A.S.M.,"Department of Ophthalmology, Benha University, Benha, Egypt; Department of Ophthalmology, Magrabi Eye and Dental Hospital, Qassim, Saudi Arabia; Department of Ophthalmology, Mansoura Ophthalmic hospital, Mansoura, Egypt",Clinical Ophthalmology,1,cataract surgery; corneal edema; Fuchs endothelial corneal dystrophy; pentacam; phacoemulsification; Scheimpflug tomography,False,Scopus,10.2147/OPTH.S474788,True
"One-Step Intraoperative Optical Coherence Tomography Guided Tunnel, Mushroom Femtosecond Laser Big Bubble Deep Anterior Lamellar Keratoplasty",2024,Abusayf M.M.; Liu Y.-C.; Han E.; Yu I.L.X.; Riau A.K.; Mehta J.S.,"Department of Ophthalmology, College of Medicine, King Saud University, Riyadh, 11362, Saudi Arabia; Cornea and External Eye Disease Service, Singapore National Eye Center, Singapore, 168751, Singapore; Tissue Engineering and Cell Therapy Group, Singapore Eye Research Institute, Singapore, 169856, Singapore; Ophthalmology Academic Clinical Program, Duke-NUS Graduate Medical School, Singapore, 169857, Singapore",Bioengineering,3,deep anterior lamellar keratoplasty; femtosecond laser; intraoperative optical coherent tomography; intrastromal tunnel; mushroom configuration,False,Scopus,10.3390/bioengineering11070639,True
"Pediatric keratoconus in a tertiary eye hospital in Eastern province, Saudi Arabia: Patient characteristics and management outcomes",2024,"Alhazmi A, Alsomali A, Algarni S, Althumairi A.",,Saudi J Ophthalmol,0,,True,PubMed,10.4103/sjopt.sjopt_169_24,True
Implantable Collamer Lens for Visual Rehabilitation in keratoconus - A Narrative Review of Visual and Refractive Outcomes,2024,Fairaq R.; Helayel H.B.; Abdulhadi H.; Almuwarraee S.M.; Almatrafi S.A.; Alruwaili R.; AlDahan D.; Hameed S.T.; AlShehri M.; AlMutlak M.,"Anterior Segment Division, King Khaled Eye Specialist Hospital, Riyadh, Saudi Arabia; Ministry of Health, Madinah, Saudi Arabia; Department of Ophthalmology, King Abdulaziz Specialist Hospital, Al Jouf, Saudi Arabia; Khamis Mushait General Hospital, Khamis Mushait, Saudi Arabia",JFO Open Ophthalmology,1,Corneal crosslinking; Corneal ectasia; Intrastromal corneal ring segments; Keratoconus; Quality of life; Refractive surgery; Spectacle independence; Visual rehabilitation,False,Scopus,10.1016/j.jfop.2024.100131,True
Artificial intelligence as diagnostic modality for keratoconus: A systematic review and meta-analysis,2024,"Afifah A, Syafira F, Afladhanti PM, Dharmawidiarini D.",,J Taibah Univ Med Sci,0,,True,PubMed,10.1016/j.jtumed.2023.12.007,True
Outcomes of Corneal Transplantation for Herpetic Keratitis: A Narrative Review,2024,Nardella M.; Yu A.C.; Busin M.; Rizzo R.; Zauli G.,"Department of Translational Medicine, University of Ferrara, Ferrara, 44121, Italy; Department of Ophthalmology, Ospedali Privati Forlì “Villa Igea”, Forlì, 47122, Italy; Istituto Internazionale per la Ricerca e Formazione in Oftalmologia (IRFO), Forlì, 47122, Italy; Department of Chemical, Pharmaceutical and Agricultural Sciences, Ferrara, 44121, Italy; Research Department, King Khaled Eye Specialist Hospital, Riyadh, 12329, Saudi Arabia",Viruses,4,cornea; deep anterior lamellar keratoplasty (DALK); herpes simplex virus (HSV); herpetic keratitis; mushroom keratoplasty (MK); penetrating keratoplasty (PK),False,Scopus,10.3390/v16091403,True
Corneal imaging and densitometry measurements in patients with Fuchs’dystrophy undergoing penetrating keratoplasty and Descemet’s striping automated endothelial keratoplasty,2024,Alzahrani K.; Alshehri J.; Brahma A.; Carley F.; Hillarby M.C.,"Division of Pharmacy and Optometry, School of Health Sciences, University of Manchester, United Kingdom; Manchester Royal Eye Hospital, Manchester, United Kingdom; Optometry Department, King Fahad Armed Forces Hospital, Saudi Arabia; Department of Optometry, Al Baha University, Saudi Arabia",OphthaTherapy. Therapies in Ophthalmology,0,cornea; densitometry; dystrophy; endothelial; Fuchs; stroma,False,Scopus,10.24292/01.OT.212124,True
Using RGP Lens in a Keratoconic Down Syndrome Patient,2024,Alibrahim A.; Shajeri M.A.; Tawashi M.M.; Alagsam A.A.M.; Abulqusim E.M.; Ng Y.G.,"Department of Optometry, Ministry of Health, Jazan, Saudi Arabia; Faculty of Medicine, Jazan University, Jazan, Saudi Arabia; Faculty of Medicine and Health Sciences, Universiti Putra Malaysia, Selangor, Serdang, 43400, Malaysia",Springer Series in Design and Innovation,0,Down syndrome; healthcare ergonomics; keratoconus; rigid gas permeable lenses,False,Scopus,10.1007/978-3-031-60863-6_7,True
Rare Variants Residing in Novel Cis-Acting Element in Visual System Homeobox 1 and Their Contribution in the Pathogenesis of Keratoconus,2023,Alswailmi F.K.; Malik R.K.; Parrey M.U.R.; Siddiqi A.R.; Karimulla S.; Alanezi A.A.; Qamar R.; Azam M.; Ahmad A.,"Department of Pharmacy Practice, College of Pharmacy, University of Hafr Al Batin, Hafr Al-Batin, 39911, Saudi Arabia; Translational Genomics Laboratory, Department of Biosciences, COMSATS University Islamabad, Islamabad, 45600, Pakistan; Faculty of Medicine, Northern Border University, Arar, 91431, Saudi Arabia; Department of Pharmaceutics, College of Pharmacy, University of Hafr Al Batin, Hafr Al-Batin, 39911, Saudi Arabia; Pakistan Academy of Sciences, Islamabad, 45600, Pakistan; Science and Technology Sector, ICESCO, Rabat, 10104, Morocco",Applied Sciences (Switzerland),2,cis-acting elements; keratoconus; miRNA; rare variants; VSX1,False,Scopus,10.3390/app13084888,True
"Differences in Axial Length and Anterior Chamber Depth among Keratoconic, Myopic and Emmetropic Eyes",2023,Abdu M.; Gammoh Y.; Alla H.A.,"Faculty of Applied Medical Science, University of Jeddah, Saudi Arabia; Faculty of Optometry and Visual Science, University of Al-Neelain, Sudan; Faculty of Allied Medical Sciences, Al-Ahliyya Amman University, Amman, Jordan",Pakistan Journal of Ophthalmology,0,Anterior chamber depth; Axial length; Central corneal thickness; emmetropia; Keratoconus; myopia,False,Scopus,10.36351/pjo.v39i4.1607,True
Role of HGF polymorphisms in the development of keratoconus in South Asian population,2023,Alswailmi F.K.,"Department of Pharmacy Practice, College of Pharmacy, University of Hafr Al Batin, Hafr Al Batin, Saudi Arabia",Electronic Journal of General Medicine,1,hepatocyte growth factor; keratoconus; sporadic keratoconus,False,Scopus,10.29333/ejgm/12700,True
Quality of life of a sample of people with keratoconus in KSA,2023,Alatawi SK.,,J Taibah Univ Med Sci,0,,True,PubMed,10.1016/j.jtumed.2023.03.008,True
Corneal asphericity and its related factors,2023,Al-Somali A.; Abouollo H.M.; Al-Jindan M.; Alothman A.; Alhataln H.,"Department of Ophthalmology, King Faisal University, Alahsa, Saudi Arabia; Department of Ophthalmology, Dharan Eye Specialist Hospital, Dharan, Saudi Arabia; Department of Ophthalmology, Imam Abdulrahman Bin Faisal University, Dammam, Saudi Arabia; Department of Ophthalmology, King Fahad Hospital, Hofuf, Saudi Arabia","Medical Hypothesis, Discovery, and Innovation in Ophthalmology",1,asphericity; corneas; Pentacam; Q value; reference value; refractive surgery,False,Scopus,10.51329/mehdiophthal1479,True
Dislocation of implantable collamer lens following blunt trauma,2023,Alsugayhi M.; Husain O.B.; Al-Swailem S.A.,"Anterior Segment Division, King Khaled Eye Specialist Hospital, Riyadh, Saudi Arabia; Ophthalmology Department, Prince Sultan Military Medical City, Riyadh, Saudi Arabia",American Journal of Ophthalmology Case Reports,3,Implantable collamer lens; Keratoplasty; Ocular trauma; Phakic intraocular lens; Specular microscopy,False,Scopus,10.1016/j.ajoc.2022.101768,True
Unilateral keratoconus associated with iridocorneal endothelial syndrome: Case report,2023,Kalantan HA.,,Saudi J Ophthalmol,0,,True,PubMed,10.4103/sjopt.sjopt_159_22,True
Safety and efficacy of a laser refractive procedure in eyes with previous keratoplasty: Systematic review and meta-analysis,2023,Alsubhi A.H.; Alhindi N.; Abukhudair A.; Alsulami A.; Seraj H.; Morfeq H.,"Faculty of Medicine, King Abdulaziz University, Rabigh, Saudi Arabia; Department of Ophthalmology, King Abdulaziz University Hospital, Jeddah, Saudi Arabia; Department of Ophthalmology, King Abdulaziz University, Jeddah, Saudi Arabia",Journal of Cataract and Refractive Surgery,2,,False,Scopus,10.1097/j.jcrs.0000000000001256,True
Microsporidial Stromal Keratitis in Post-Keratoplasty Eyes,2023,Spena R.; Bovone C.; Ciarmatori N.; Pellegrini M.; Yu A.C.; Zauli G.; Busin M.,"Department of Translational Medicine, University of Ferrara, Ferrara, 44121, Italy; Department of Ophthalmology, Ospedali Privati Forlì “Villa Igea”, Forlì, 47122, Italy; Istituto Internazionale per la Ricerca e Formazione in Oftalmologia (IRFO), Forlì, 47122, Italy; Department of Environmental Sciences and Prevention, University of Ferrara, Ferrara, 44122, Italy; Research Department, King Khaled Eye Specialist Hospital, Riyadh, 11462, Saudi Arabia",Journal of Clinical Medicine,1,corneal transplantation; deep anterior lamellar keratoplasty; Microsporidium; penetrating keratoplasty; post-keratoplasty infection; stromal keratitis,False,Scopus,10.3390/jcm12113706,True
"Spherical equivalent pre- and post-implantable collamer lens implantation in patients with myopia, hyperopia, and stable keratoconus",2023,"Alabbasi OM, Vargas J, Al Mutlak M, Fairaq R, Al Saleh A.",,Saudi J Ophthalmol,0,,True,PubMed,10.4103/SJOPT.SJOPT_130_22,True
Protective and pathogenic role of collagen subtypes genes COL4A3 and COL4A4 polymorphisms in the onset of keratoconus in South-Asian Pakistani cohort,2023,"Khashim Alswailmi F, Bokhari K, Aladaileh SH, A Alanezi A, Azam M, Ahmad A.",,Saudi J Biol Sci,0,,True,PubMed,10.1016/j.sjbs.2022.103503,True
An innovative approach based on machine learning to evaluate the risk factors importance in diagnosing keratoconus,2023,Zorto A.D.; Sharif M.S.; Wall J.; Brahma A.; Alzahrani A.I.; Alalwan N.,"Intelligent Technologies Research Group, UEL, University Way, London, E16 2RD, United Kingdom; Manchester University NHS Foundation Trust, Manchester Royal Eye Hospital, Oxford Rd, Manchester, M13 9WL, United Kingdom; Computer Science Department, Community College, King Saud University, Riyadh, 11437, Saudi Arabia",Informatics in Medicine Unlocked,7,"Deep learning; Keratoconus, machine learning, risk factors",False,Scopus,10.1016/j.imu.2023.101208,True
Successful management of a retained host Descemet's membrane after penetrating keratoplasty (PKP) — A case report,2023,Albuainain A.; Aldofyan M.Z.; Otaif W.; Al-Muammar A.; Alsubki H.; Alkatan H.M.,"Eye and Laser Center, Bahrain Defense Force Hospital, Royal Medical Services, Military Hospital, Riffa, Bahrain; Department of Ophthalmology, College of Medicine, King Saud University, Riyadh, Saudi Arabia; King Saud University Medical City, King Saud University, Riyadh, Saudi Arabia; Department of Pathology and Laboratory Medicine, College of Medicine, King Saud University, Riyadh, Saudi Arabia",International Journal of Surgery Case Reports,0,Case report; Corneal decompensation; Descemet's membrane; Membranectomy; Penetrating keratoplasty; YAG laser,False,Scopus,10.1016/j.ijscr.2023.108595,True
Contribution of Posterior Corneal Astigmatism to Total Corneal Astigmatism among Saudi Population,2023,Fahmy R.; Alandas S.,"Department of Optometry, College of Applied Medical Science, King Saud University, Riyadh, Saudi Arabia; Department of Ophthalmology, Faculty of Medicine, Cairo University, Giza, Egypt",Open Ophthalmology Journal,0,Anterior corneal astigmatism; Corneal topography; Posterior corneal astigmatism; Refractive surgery; Toric IOL; Total corneal astigmatism; Vector analysis,False,Scopus,10.2174/0118743641267892231026102653,True
Keratoconus epidemiology: A review,2022,Gomes J.A.P.; Rodrigues P.F.; Lamazales L.L.,"Department of Ophthalmology and Visual Sciences, Paulista Medical School, Federal University of São Paulo (EPM/UNIFESP), Sao Paulo, Brazil",Saudi Journal of Ophthalmology,61,Corneal ectasia; Epidemiology; Keratoconus; Prevalence; Risk factors,False,Scopus,10.4103/sjopt.sjopt_204_21,True
Normative Values for Corneal Tomography and Comparison of Both Eyes in Young Saudi Males with 20/20 Vision Using Pentacam-HR Scheimpflug Imaging,2022,"Alshehri O, Abdelaal AM, Abudawood G, Khan MA, Alsharif S, Hijazi H, AlQassimi A.",,Clin Ophthalmol,0,,True,PubMed,10.2147/OPTH.S376411,True
Accuracy of intraocular lens power calculation for cataract surgery after deep anterior lamellar keratoplasty,2022,Pellegrini M.; Furiosi L.; Salgari N.; D'Angelo S.; Zauli G.; Yu A.C.; Busin M.,"Department of Translational Medicine, University of Ferrara, Ferrara, Italy; Department of Ophthalmology, Ospedali Privati Forlì “Villa Igea”, Forlì, Italy; Istituto Internazionale per la Ricerca e Formazione in Oftalmologia (IRFO), Forlì, Italy; Department of Neuroscience and Rehabilitation, University of Ferrara, Ferrara, Italy; Research Department, King Khaled Eye Specialist Hospital, Riyadh, Saudi Arabia",Clinical and Experimental Ophthalmology,9,cataract surgery; deep anterior lamellar keratoplasty; intraocular lens power; keratoplasty,False,Scopus,10.1111/ceo.14026,True
Combined corneal wavefront-guided transepithelial photorefractive keratectomy and accelerated corneal collagen cross-linking following intracorneal ring segment implantation in management of moderate keratoconus,2022,"Bakhsh AM, Elwan SAM, El-Atris TM, Al-Salowle AM, Alsamnan MS.",,Saudi J Ophthalmol,0,,True,PubMed,10.4103/sjopt.sjopt_26_20,True
A need to maximize updates on detecting keratoconus,2022,Al-Swailem SA.,,Saudi J Ophthalmol,0,,True,PubMed,10.4103/sjopt.sjopt_100_22,True
In Vivo Biomechanical Changes Associated With Keratoconus Progression,2022,Padmanabhan P.; Lopes B.T.; Eliasy A.; Abass A.; Elsheikh A.,"Department of Cornea and Refractive Surgery, Sankara Nethralaya, Chennai, India; School of Engineering, University of Liverpool, Liverpool, United Kingdom; Department of Ophthalmology, Federal University of São Paulo, São Paulo, Brazil; Department of Production Engineering and Mechanical Design, Faculty of Engineering, Port Said University, Port Fuad, Egypt; Beijing Advanced Innovation Center for Biomedical Engineering, Beihang University, Beijing, China; Moorfields Eye Hospital NHS Foundation Trust and UCL Institute of Ophthalmology, National Institute for Health Research (NIHR) Biomedical Research Centre for Ophthalmology, London, United Kingdom",Current Eye Research,21,Biomechanical; deterioration; keratoconus; progression; SSI,False,Scopus,10.1080/02713683.2022.2058020,True
Demographic and clinical variations of keratoconus in Saudi population,2022,"Al Qahtani NA, Abahussin MO, Assiri AA.",,Saudi J Ophthalmol,0,,True,PubMed,10.4103/sjopt.sjopt_43_20,True
Macular phototoxicity after corneal crosslinking,2022,Alfayyadh M.A.; AlAbdulhadi H.A.; Ahad M.A.,"Ophthalmology Department, Prince Mutaib bin Abdulaziz Hospital, Aljouf, Skaka, Saudi Arabia; Cornea and Anterior Segment Division, King Khaled Eye Specialist Hospital, Riyadh, Saudi Arabia",JCRS Online Case Reports,1,,False,Scopus,10.1097/j.jcro.0000000000000078,True
Infectious Keratitis in Corneal Graft following Astigmatic Keratotomy: A Case Report and Literature Review,2022,Alkharashi M.; Otaif W.; Al-Essa R.S.,"Department of Ophthalmology, College of Medicine, King Saud University, Riyadh, Saudi Arabia; Department of Ophthalmology, King Khalid University, Abha, Saudi Arabia",Case Reports in Ophthalmology,1,Astigmatic keratotomy; Case report; Femtosecond; Infectious keratitis; Penetrating keratoplasty,False,Scopus,10.1159/000527013,True
10-year experience with lamellar keratoplasty for the surgical Management of Paediatric Corneal Diseases,2022,Pellegrini M.; Salgari N.; D'Angelo S.; Caruso L.; Franco E.; Bovone C.; Spena R.; Zauli G.; Busin M.; Yu A.C.,"Department of Translational Medicine, University of Ferrara, Ferrara, Italy; Department of Ophthalmology, Ospedali Privati Forlì “Villa Igea”, Forlì, Italy; Istituto Internazionale per la Ricerca e Formazione in Oftalmologia, Forlì, Italy; Department of Neuroscience and Rehabilitation, University of Ferrara, Ferrara, Italy; Research Department, King Khaled Eye Specialist Hospital, Riyadh, Saudi Arabia",Acta Ophthalmologica,3,,False,Scopus,10.1111/aos.15199,True
Accelerated versus conventional corneal collagen crosslinking: Short-term clinical outcomes in stabilizing keratoconus,2022,"Aldairi W, AlQahtani R, Alzaid S, Mousa A, Khandekar R, Al-Swailem SA.",,Saudi J Ophthalmol,0,,True,PubMed,10.4103/sjopt.sjopt_49_22,True
Translocation of pro-apoptotic proteins through basements membrane and hemidesmosome in the corneal epithelium of the keratoconus subjects,2022,Samivel R.; Alanazi S.A.; Almahuby I.S.; Khan A.A.; Kirat O.; Almutleb E.S.; Masmali A.M.,"Cornea Research Chair, Department of Optics and Vision Science, College of Applied Medical Sciences, King Saud University, Riyadh, Saudi Arabia; Department of Optics and Vision Science, College of Applied Medical Sciences, King Saud University, Riyadh, Saudi Arabia; Department of Ophthalmology, King Khalid Eye Specialist Hospital, Riyadh, Saudi Arabia",Journal of King Saud University - Science,1,Basement's membrane; Corneal epithelial basal cells; Hemidesmosomes; Human corneas; Kerotoconus; Pro-apoptosis,False,Scopus,10.1016/j.jksus.2022.102328,True
Medium-term clinical outcomes of deep anterior lamellar keratoplasty versus penetrating keratoplasty for macular corneal dystrophy,2021,Alaraj A.; Alameer A.; Al-Swailem S.,"Anterior Segment Division, Department of Ophthalmology, King Khaled Eye Specialist Hospital, Riyadh, Saudi Arabia; Department of Ophthalmology, College of Medicine, Qassim University, Qassim, Saudi Arabia; Ophthalmology Division, Surgery Department, King Abdullah bin Abdulaziz University Hospital, Riyadh, Saudi Arabia",Clinical Ophthalmology,7,Keratoplasty; Lamellar keratoplasty; Macular corneal dystrophy; Penetrating keratoplasty,False,Scopus,10.2147/OPTH.S317971,True
RETRACTED: Corneal Biomechanics Computational Analysis for Keratoconus Diagnosis,2021,Alazzam M.B.; Alghamdi A.S.; Alshamrani S.S.,"Faculty of Computer Science and Informatics, Amman Arab University, Jordan; Department of Computer Engineering, Collage of Computers and Information Technology, Taif University, P.O.Box 11099, Taif, 21944, Saudi Arabia; Department of Information Technology, College of Computer and Information Technology, Taif University, P.O. Box 11099, Taif, 21944, Saudi Arabia",Computational and Mathematical Methods in Medicine,9,,False,Scopus,10.1155/2021/6126503,True
Use of biomaterials in corneal endothelial repair,2021,Hussain N.A.; Figueiredo F.C.; Connon C.J.,"University of Jeddah, Jeddah, Saudi Arabia; Biosciences Institute, Faculty of Medical Sciences, Newcastle University, Newcastle upon Tyne, United Kingdom; Biosciences Institute, Faculty of Medical Sciences, Newcastle University, Newcastle upon Tyne, NE1 7RU, United Kingdom; Biosciences Institute, Faculty of Medical Sciences, Newcastle University, Newcastle upon Tyne, United Kingdom; Department of Ophthalmology, Royal Victoria Infirmary, Newcastle upon Tyne Hospitals NHS Foundation Trust, Newcastle upon Tyne, United Kingdom",Therapeutic Advances in Ophthalmology,15,biomaterials; cornea; corneal transplantation; Descemet’s membrane (DM); human corneal endothelial cells (HCECs); scaffold; tissue engineering,False,Scopus,10.1177/25158414211058249,True
Phakic intraocular lens in keratoconus,2021,Eldanasoury A.; Tolees S.; Bains H.S.,"Department of Ophthalmology, Magrabi Hospital, Jeddah, Saudi Arabia; Sight By Design, Edmonton, AB, Canada",New Frontiers for the Treatment of Keratoconus,0,Corneal ectasia; Implantable collamer lens; Keratoconus; Phakic intraocular lenses,False,Scopus,10.1007/978-3-030-66143-4_7,True
Late-onset spontaneous Descemet's membrane detachment post penetrating keratoplasty in a patient with congenital glaucoma,2020,Al-Shabeeb R.; Almadhi N.; Kirat O.,"Department of Ophthalmology, Anterior Segment Division, King Khalid Eye Specialist Hospital, Riyadh, Saudi Arabia",Saudi Journal of Ophthalmology,1,congenital glaucoma; Descemet's Membrane Detachment; penetrating keratoplasty,False,Scopus,10.4103/1319-4534.310417,True
Incidence and quantification of corneal haze by Pentacam Scheimpflug densitometry following photorefractive keratectomy for myopia in virgin and post corneal transplant eyes with dark irides,2020,Khattak A.; An-Nakhli F.,"Dhahran Eyes Specialist Hospital, Eastern Province, Saudi Arabia",Saudi Journal of Ophthalmology,9,Corneal haze; corneal transplant; myopia; photorefractive keratectomy; scheimpflug system,False,Scopus,10.4103/1319-4534.301295,True
Changes in Corneal Wound Healing and Graft Biomechanics after Primary Penetrating Keratoplasty Versus Repeat Penetrating Keratoplasty,2019,Abdelkader A.,"Department of Ophthalmology, Faculty of Medicine, Aseer, Saudi Arabia; Department of Ophthalmology, Al-Azhar University, Cairo, Egypt",Cornea,1,confocal microscopy; corneal hysteresis; corneal resistance factor; ORA; repeat penetrating keratoplasty; wound healing,False,Scopus,10.1097/ICO.0000000000001928,True
Comparison of manual and femtosecond laser arcuate keratotomy procedures for the correction of post-keratoplasty astigmatism,2019,"Al-Qurashi M, Al Sabaani N, Al Malki S.",,Saudi J Ophthalmol,0,,True,PubMed,10.1016/j.sjopt.2018.11.001,True
Five-year endothelial cell count post penetrating keratoplasty using internationally-transported corneal donor tissue,2019,Khattak A.; anNakhli F.,"Dhahran Eyes Specialist Hospital, Dhahran, Eastern Province, P.O. Box: 39455, Zip: 31942, Saudi Arabia",Saudi Journal of Ophthalmology,1,Corneal endothelial cell loss; Corneal endothelial pleomorphism; Corneal endothelial polymegathism; Penetrating keratoplasty,False,Scopus,10.1016/j.sjopt.2018.10.005,True
Evaluation of clinical effectiveness of intrastromal corneal ring segments among keratoconus patients; [角膜基质环植入术治疗圆锥角膜的临床疗效],2018,Alghamdi A.,"Faculty of Medicine, Department of Ophthalmology, Ophthalmology Unit, Taif University, Taif, 21974, Saudi Arabia",International Eye Science,0,Femtosecond tunnels; Intrastromal corneal ring segments; Keraring implantation; Keratoconus; Mechanical tunnels,False,Scopus,10.3980/j.issn.1672-5123.2018.8.02,True
Implantable collamer lens for the correction of post-keratoplasty myopia and astigmatism; [后房型人工晶状体植入用于角膜移植术后近视和散光的矫正],2018,Alsabaani N.A.; Abubaker A.; Almalki S.,"Department of Ophthalmology, College of Medicine, King Khalid University, Abha, 61421, Saudi Arabia; Department of Ophthalmology, King Khalid Hospital, Najran, 55461, Saudi Arabia; King Khalid Eye Specialist Hospital, Riyadh, 11462, Saudi Arabia",International Eye Science,3,Astigmatism; Myopia; Post-keratoplasty; ]implantable collamer lens,False,Scopus,10.3980/j.issn.1672-5123.2018.6.01,True
Descemet stripping automated endothelial keratoplasty (DSAEK) versus repeat penetrating keratoplasty (PKP) to manage eyes with failed corneal graft,2018,Khairallah A.,"Department of Ophthalmology, King Khaled University, Abha, Saudi Arabia",Annals of Saudi Medicine,5,,False,Scopus,10.5144/0256-4947.2018.36,True
Prevalence of keratoconus among patients seeking laser vision correction in Taif area of Saudi Arabia,2018,"Althomali TA, Al-Qurashi IM, Al-Thagafi SM, Mohammed A, Almalki M.",,Saudi J Ophthalmol,0,,True,PubMed,10.1016/j.sjopt.2017.11.003,True
Measurement of anterior segment parameters in Saudi adults with myopia,2018,Alrajhi L.S.; Bokhary K.A.; Al-Saleh A.A.,"Optometry and Vision Science, College of Applied Medical Science, King Saud University, Riyadh, Saudi Arabia; AlHokama Eye Specialist Center, Riyadh, Saudi Arabia",Saudi Journal of Ophthalmology,11,Anterior chamber; Corneal astigmatism; Corneal thickness; Myopia; Pentacam,False,Scopus,10.1016/j.sjopt.2018.04.007,True
Corneal Collagen Cross-Linking for Keratoconus in Pediatric Patients - Long-Term Results,2017,Padmanabhan P.; Rachapalle Reddi S.; Rajagopal R.; Natarajan R.; Iyer G.; Srinivasan B.; Narayanan N.; Lakshmipathy M.; Agarwal S.,"Department of Cornea and Refractive Surgery, Medical Research Foundation, 41 College Rd, Sankara Nethralaya, Chennai, 600 006, India",Cornea,83,corneal collagen cross-linking; pediatric keratoconus; progressive keratoconus,False,Scopus,10.1097/ICO.0000000000001102,True
Calcineurin inhibitor in corneal transplantation,2017,Alamri A.M.,"Department of Surgery, King Khalid University, P.O. Box 641, Abha, 61421, Saudi Arabia",Bahrain Medical Bulletin,0,,False,Scopus,10.12816/0047760,True
Current techniques of lamellar keratoplasty for keratoconus,2016,"Spadea L, De Rosa V.",,Saudi Med J,0,,True,PubMed,10.15537/smj.2016.2.12985,True
Sequence analysis of the VSX1 and SOD1 genes in families with Keratoconus and a review of the literature,2016,Al-Raddadi H.S.; Al-Barry M.A.; Al-Harbi E.; Samman M.I.; Albalawi A.M.; Basit S.,"College of Medicine, Taibah University, Almadinah Almunawwarah, Saudi Arabia; Center for Genetics and Inherited Diseases, Taibah University, Almadinah Almunawwarah, Saudi Arabia",Journal of Taibah University Medical Sciences,5,Keratoconus; Saudi families; SOD1; VSX1,False,Scopus,10.1016/j.jtumed.2015.08.004,True
Morphometric changes of corneal endothelial cells following intracameral air for micro perforation of the Descemet Membrane during big-bubble deep anterior lamellar keratoplasty,2016,"Khattak A, Nakhli FR, Abdullatif Abouollo HM.",,Saudi J Ophthalmol,0,,True,PubMed,10.1016/j.sjopt.2016.01.003,True
Boston Type 1 Keratoprosthesis versus Repeat Donor Keratoplasty for Corneal Graft Failure: A Systematic Review and Meta-analysis,2016,Ahmad S.; Mathews P.M.; Lindsley K.; Alkharashi M.; Hwang F.S.; Ng S.M.; Aldave A.J.; Akpek E.K.,"Wilmer Eye Institute, Johns Hopkins University, School of Medicine, 600 North Wolfe Street, Baltimore, 21287-9238, MD, United States; Department of Epidemiology, Johns Hopkins Bloomberg School of Public Health, Baltimore, MD, United States; Cornea and Refractive Surgery Services, Jules Stein Eye Institute, Los Angeles, CA, United States; Cornea and External Disease, Kresge Eye Institute, Wayne State University, Detroit, MI, United States; King Saud University, Riyadh, Saudi Arabia",Ophthalmology,69,,False,Scopus,10.1016/j.ophtha.2015.09.028,True
Femtosecond astigmatic keratotomy for postkeratoplasty astigmatism,2016,Al Sabaani N.; Al Malki S.; Al Jindan M.; Al Assiri A.; Al Swailem S.,"King Khalid University, Abha, Saudi Arabia; King Khaled Eye Specialist Hospital, Riyadh, Saudi Arabia; Dammam University, Dammam, Saudi Arabia",Saudi Journal of Ophthalmology,16,Astigmatic keratotomy; Astigmatism; Femtosecond,False,Scopus,10.1016/j.sjopt.2016.04.003,True
Outcome of repeat penetrating keratoplasty in eyes with failed penetrating keratoplasty,2016,Khairallah A.S.,"Division of Ophthalmology, Department of Surgery, College of Medicine, King Khalid University, Abha, Saudi Arabia; King Khaled Eye Specialist Hospital, Riyadh, Saudi Arabia",Saudi Medical Journal,6,,False,Scopus,10.15537/smj.2016.9.14075,True
Prevalence and histopathological characteristics of corneal stromal dystrophies in Saudi Arabia,2015,Alzuhairy S.; Alkatan H.M.; Al-Rajhi A.A.,"Ophthalmology Department, College of Medicine, Al-Qassim University, Riyadh, Saudi Arabia; Department of Pathology and Laboratory Medicine, KKESH, P.O. Box 7191, Riyadh, 11462, Saudi Arabia; College of Medicine, Al-Faisal University and Al-Hokama Eye Specialist Center, Riyadh, Saudi Arabia",Middle East African Journal of Ophthalmology,21,Corneal Stromal Dystrophy; Histopathology; Keratoplasty; Saudi Arabia,False,Scopus,10.4103/0974-9233.151975,True
Corneal collagen crosslinking for progressive keratoconus in Saudi Arabia: One-year controlled clinical trial analysis,2015,"Khattak A, Nakhli FR, Cheema HR.",,Saudi J Ophthalmol,0,,True,PubMed,10.1016/j.sjopt.2015.02.005,True
Indications and techniques employed for keratoplasty in the Eastern province of Saudi Arabia: 6 years of experience,2015,"Al-Arfai KM, Yassin SA, Al-Beshri AS, Al-Jindan MY, Al-Tamimi ER.",,Ann Saudi Med,0,,True,PubMed,10.5144/0256-4947.2015.387,True
Corneal cross-linking,2014,Alkharashi M.; Alharbi Z.; Daoud Y.J.,"King Saud University, Riyadh, Saudi Arabia; King Saud Bin Abdulaziz University for Health Sciences, Riyadh, Saudi Arabia; Wilmer Eye Institute, Johns Hopkins University, Baltimore, MD 21287, 600 North Wolfe Street, United States",Expert Review of Ophthalmology,1,corneal collagen cross-linking; corneal ectasia; infectious keratitis; refractive surgery,False,Scopus,10.1586/17469899.2014.927310,True
Unexpected overcorrection with femtosecond laser-assisted astigmatic keratotomy following deep anterior lamellar keratoplasty,2014,Khattak A.; Cheema H.R.,"Dhahran Eye Specialist Hospital, Dhahran, Saudi Arabia; Royal College of Surgeons in Ireland, Dublin, Ireland",JCRS Online Case Reports,5,,False,Scopus,10.1016/j.jcro.2014.06.005,True
"Critical appraisal of loteprednol ointment, gel, and suspension in the treatment of postoperative inflammation and pain following ocular and corneal transplant surgery",2014,Pirouzian A.; Randy Craven E.,"Department of Ophthalmology, King Khaled Eye Specialist Hospital, Riyadh, Saudi Arabia; Wilmer Eye Institute, Johns Hopkins University, Baltimore, MD, United States",Clinical Ophthalmology,10,Eye; Inflammation; Keratoplasty; Loteprednol; Pain; Surgery,False,Scopus,10.2147/OPTH.S30278,True
On a nonlinear boundary value problem modeling corneal shape,2014,Płociniczak L.; Okrasiński W.; Nieto J.J.; Domínguez O.,"Institute of Mathematics and Computer Science, Wroclaw University of Technology, 50-372 Wroclaw, ul. Janiszewskiego 14a, Poland; Departamento de Análise Matemática, Universidade de Santiago de Compostela, 15782 Santiago de Compostela, Spain; Department of Mathematics, Faculty of Science, King Abdulaziz University, Jeddah 21589, P.O. Box 80203, Saudi Arabia; Departamento de Análisis Matemático, Facultad de Matemáticas, Universidad Complutense de Madrid, 28040 Madrid, Plaza de Ciencias 3, Spain",Journal of Mathematical Analysis and Applications,19,Boundary-value problem; Corneal topography; Estimates,False,Scopus,10.1016/j.jmaa.2014.01.010,True
Efficacy and safety of intacs SK in moderate to severe keratoconus,2013,El-Moatassem Kotb A.M.; Hantera M.,"Department of Ophthalmology, Ain-Shams university, Cairo, Abbasyia square, Egypt; International Medical Center, Dubai, United Arab Emirates; Department of Opththalmology, Magrabi Eye Hospitals, Saudi Arabia",Middle East African Journal of Ophthalmology,8,Intacs; Intralase; Keratoconus,False,Scopus,10.4103/0974-9233.106386,True
Penetrating keratoplasty for keratoconus: visual and graft survival outcomes,2013,Al-Mohaimeed MM.,,Int J Health Sci (Qassim),0,,True,PubMed,10.12816/0006023,True
Deep anterior lamellar keratoplasty for pellucid marginal degeneration,2013,Al-Torbak A.A.,"Department of Ophthalmology, College of Medicine, Al-Qasseem University and the Anterior Segment Division, King Khaled Eye Specialist Hospital, Riyadh, Saudi Arabia",Saudi Journal of Ophthalmology,15,Corneal ectasias; Lamellar keratoplasty; Pellucid marginal degeneration,False,Scopus,10.1016/j.sjopt.2012.04.001,True
Corneal ectasias: Study cohorts and epidemiology,2013,Bialasiewicz A.; Edward D.P.,"Department of Ophthalmology, Al Ahli Hospital, Doha, PO Box 6401, Qatar; Department of Research, King Khaled Eye Specialist Hospital, Riyadh, Saudi Arabia",Middle East African Journal of Ophthalmology,8,,False,Scopus,10.4103/0974-9233.106379,True
ZNF469 frequently mutated in the brittle cornea syndrome (BCS) is a single exon gene possibly regulating the expression of several extracellular matrix components,2013,Rohrbach M.; Spencer H.L.; Porter L.F.; Burkitt-Wright E.M.M.; Bürer C.; Janecke A.; Bakshi M.; Sillence D.; Al-Hussain H.; Baumgartner M.; Steinmann B.; Black G.C.M.; Manson F.D.C.; Giunta C.,"Division of Metabolism, Connective Tissue Unit and Children's Research Center, University Children's Hospital, Zurich, Switzerland; Genetic Medicine Research Centre, Institute of Human Development, Faculty of Medical and Human Sciences, The University of Manchester, United Kingdom; St. Mary's Hospital, Central Manchester University Hospitals NHS Foundation Trust, Manchester Academic Health Science Centre, Manchester, United Kingdom; Division of Human Genetics, Innsbruck Medical University, Innsbruck, Austria; Department of Clinical Genetics, Children's Hospital at Westmead, Westmead NSW, Sydney, Australia; King Khaled Eye Specialist Hospital, Division of Oculoplastics and Orbit, Saudi Arabia",Molecular Genetics and Metabolism,74,Brittle cornea; Genetic heterogeneity; Keratoconus; Keratoglobus; PRDM5 and ZNF469; Single exon gene,False,Scopus,10.1016/j.ymgme.2013.04.014,True
Lamellar Corneal Transplantation,2012,Arenas E.; Esquenazi S.; Anwar M.; Terry M.,"Fundacion Santa Fe de Bogota, Bogota, Colombia; LSU Eye Center and LSU Neuroscience Center, Louisiana State University Health Sciences Center, New Orleans, LA, United States; Magrabi Eye Hospital, Jeddah, Saudi Arabia; Devers Eye Institute, Portland, OR, United States",Survey of Ophthalmology,64,ALK; Corneal surgery; Corneal transplants; DALK; DMEK; DSAEK; Keratoplasty; PK; PKP,False,Scopus,10.1016/j.survophthal.2012.01.009,True
Effect of processing methods for transmission electron microscopy on corneal collagen fibrils diameter and spacing,2012,Akhtar S.,"Department of Optometry, College of Applied Medical Sciences, King Saud University, Riyadh, Saudi Arabia",Microscopy Research and Technique,9,Cuprolinic blue; Glutaraldehyde; Osmium tetroxide; Sodium acetate buffer; Spurr's resin,False,Scopus,10.1002/jemt.22083,True
Glaucoma and corneal transplant procedures,2012,Al-Mahmood A.M.; Al-Swailem S.A.; Edward D.P.,"Department of Ophthalmology, Ministry of Health, Manama 12, Bahrain; Division of Anterior Segment, King Khaled Eye Specialists Hospital, Riyadh 11462, Saudi Arabia; Wilmer Eye Institute, Johns Hopkins University, School of Medicine, Baltimore, MD 21287, United States",Journal of Ophthalmology,35,,False,Scopus,10.1155/2012/576394,True
Corneal ectasia following LASIK,2011,Tabbara KF.,,Saudi J Ophthalmol,0,,True,PubMed,10.1016/j.sjopt.2011.05.002,True
Corneal collagen crosslinking in the treatment of infectious keratitis,2011,Anwar H.M.; El-Danasoury A.M.; Hashem A.N.,"Magrabi Eye Hospital, Jeddah, Saudi Arabia",Clinical Ophthalmology,60,CCL; Riboflavin; UVA,False,Scopus,10.2147/opth.s24532,True
Late onset corneal ectasia after LASIK surgery,2011,"Said A, Hamade IH, Tabbara KF.",,Saudi J Ophthalmol,0,,True,PubMed,10.1016/j.sjopt.2011.05.003,True
Optical and topographic changes in keratoconus after implantation of ferrara intracorneal ring segments,2010,Hamdi I.M.,"Ophthalmology Department, Faculty of Medicine, Ain Shams University, Cairo, Egypt; Cornea and Refractive Surgery Department, Magrabi Eye and Ear Center, Jeddah, Saudi Arabia",Journal of Refractive Surgery,12,,False,Scopus,10.3928/1081597X-20100114-05,True
Corneal collagen cross-linking: Promises and problems,2010,Abdelghaffar W.; Hantera M.; Elsabagh H.,"Benha University, Benha, Egypt; Maghrabi Centre, Dammam, Saudi Arabia",British Journal of Ophthalmology,9,,False,Scopus,10.1136/bjo.2010.188342,True
Deep anterior lamellar Keratoplasty,2009,"Al-Kharashi SA, Al-Obailan MM, Almohaimeed M, Al-Torbak AA.",,Saudi J Ophthalmol,0,,True,PubMed,10.1016/j.sjopt.2009.10.004,True
"Comparison of central corneal thickness measurements by Pentacam, noncontact specular microscope, and ultrasound pachymetry in normal and post-LASIK eyes",2009,Al-Ageel S.; Al-Muammar A.M.,"Department of Ophthalmology, College of Medicine, King Saud University, Riyadh, Saudi Arabia",Saudi Journal of Ophthalmology,29,Central corneal thickness; Noncontact specular microscopy; Pentacam; Scheimpflug camera; Ultrasound pachymetry,False,Scopus,10.1016/j.sjopt.2009.10.002,True
Comparison between central corneal thickness measurements by oculus pentacam and ultrasonic pachymetry,2008,Al-Mezaine H.S.; Al-Amro S.A.; Kangave D.; Sadaawy A.; Wehaib T.A.; Al-Obeidan S.,"Department of Ophthalmology, College of Medicine, King Saud University, Riyadh 11321, PO Box 230387, Saudi Arabia; Diabetes Research Center, College of Medicine, King Saud University, Riyadh 11321, PO Box 230387, Saudi Arabia; The Eye Consultants Center, Riyadh, Saudi Arabia",International Ophthalmology,63,Agreement; Corneal thickness; Pachymetry; Pentacam; Ultrasound,False,Scopus,10.1007/s10792-007-9143-9,True
Ultrastructural analysis of collagen fibrils and proteoglycans in keratoconus,2008,Akhtar S.; Bron A.J.; Salvi S.M.; Hawksworth N.R.; Tuft S.J.; Meek K.M.,"School of Optometry and Vision Sciences, Cardiff University, Cardiff, United Kingdom; Department of Optometry and Vision Sciences, College of Applied Medical Sciences, King Saud University, Riyadh 11433, PO Box 1019, Saudi Arabia; Nuffield Laboratory of Ophthalmology, Oxford University, Oxford, United Kingdom; Department of Ophthalmology, Royal Glamorgan Hospital, Llantrisant, United Kingdom; Department of Clinical Ophthalmology, Moorfields Eye Hospital, London, United Kingdom",Acta Ophthalmologica,109,Collagen fibril; Keratoconus; Proteoglycans,False,Scopus,10.1111/j.1755-3768.2007.01142.x,True
Pharmacologic strategies in the prevention and treatment of corneal transplant rejection,2008,Tabbara K.F.,"The Eye Center and The Eye Foundation for Research in Ophthalmology, Riyadh 11534, P.O. Box 55307, Saudi Arabia",International Ophthalmology,43,Allograft; Autograft; Corneal; Corticosteroids; Graft rejection; Transplantation,False,Scopus,10.1007/s10792-007-9100-7,True
Deep lamellar keratoplasty with baring of descemet membrane: The big bubble technique,2007,Danasoury A.E.; Hashem A.,"Magrabi Eye and Ear Hospital, Jeddah, Saudi Arabia; Jeddah 21462, Jeddah, Khozam St, Makkah Rd, Saudi Arabia",Techniques in Ophthalmology,3,,False,Scopus,10.1097/ITO.0b013e31806edbd0,True
A new technique to mark the donor and host corneas in keratoplasty,2007,Kirat O.,"Anterior Segment Division, Department of Ophthalmology, King Khaled Eye Specialist Hospital, Riyadh, Saudi Arabia; Anterior Segment Division, King Khaled Eye Specialist Hospital, Riyadh, Saudi Arabia",Ophthalmic Surgery Lasers and Imaging,0,,False,Scopus,10.3928/15428877-20070501-15,True
Corneal Transplant Survival after Onset of Severe Endothelial Rejection,2007,Wagoner M.D.; Ba-Abbad R.; Sutphin J.E.; Zimmerman M.B.,"Department of Ophthalmology, King Khaled Eye Specialist Hospital, Riyadh, Saudi Arabia; Department of Ophthalmology and Visual Sciences, College of Medicine, University of Iowa, Iowa City, IA, United States; Department of Biostatistics, College of Medicine, University of Iowa, Iowa City, IA, United States",Ophthalmology,29,,False,Scopus,10.1016/j.ophtha.2006.12.012,True
Inverse relationship between age and severity and sequelae of acute corneal hydrops associated with keratoconus [8],2007,Al Suhaibani A.H.; Al-Rajhi A.A.; Al-Motowa S.; Wagoner M.D.; Al-Rajhi A.A.,"Anterior Segment Division, Department of Ophthalmology, King Khaled Eye Specialist Hospital, Riyadh, Saudi Arabia; Department of Research, King Khaled Eye Specialist Hospital, Riyadh, Saudi Arabia; King Khaled Eye Specialist Hospital, Riyadh 11462, PO Box 7191, Saudi Arabia",British Journal of Ophthalmology,70,,False,Scopus,10.1136/bjo.2005.085878,True
Epikeratoplasty,2006,Wagoner M.D.; Swailem S.A.; Rademaker W.J.; Rajhi A.A.,"King Khaled Eye Specialist Hospital, Riyadh, Saudi Arabia; Department of Ophthalmology, King Khaled Eye Specialist Hospital, Riyadh, Saudi Arabia; Department of Ophthalmology, King Khaled Eye Specialist Hospital, Riyadh, Saudi Arabia; King Khaled Eye Specialist Hospital, Riyadh, Saudi Arabia","Refractive Surgery, Second Edition",0,,False,Scopus,10.1016/B978-0-323-03599-6.50090-0,True
Woodhouse Sakati syndrome associated with bilateral keratoconus [3],2006,Al-Swailem S.A.; Al-Assiri A.A.; Al-Torbak A.A.,"Anterior Segment Division, Department of Ophthalmology, King Khaled Eye Specialist Hospital, Riyadh, Saudi Arabia; Anterior Segment Division, King Khaled Eye Specialist Hospital, Riyadh 11462, PO Box 7191, Saudi Arabia",British Journal of Ophthalmology,15,,False,Scopus,10.1136/bjo.2005.080101,True
Penetrating keratoplasty for macular corneal dystrophy,2005,Al-Swailem S.A.; Al-Rajhi A.A.; Wagoner M.D.,"Anterior Segment Division, Department of Ophthalmology, King Khaled Eye Specialist Hospital, Riyadh, Saudi Arabia; Department of Research, King Khaled Eye Specialist Hospital, Riyadh, Saudi Arabia; King Khaled Eye Specialist Hospital, Riyadh 11462, PO Box 7191, Saudi Arabia",Ophthalmology,36,,False,Scopus,10.1016/j.ophtha.2004.08.017,True
Histopathological and immunohistochemical studies of lenticules after epikeratoplasty for keratoconus,2005,Nakamura H.; Riley F.; Sakai H.; Rademaker W.; Yue B.Y.J.T.; Edward D.P.,"University of Illinois at Chicago, Department of Ophthalmology and Visual Sciences, Chicago, IL 60612, 1855 W Taylor Street, United States; Department of Ophthalmology and Visual Sciences, University of Illinois, Chicago College of Medicine, Chicago, IL, United States; King Khaled Eye Specialist Hospital, Riyadh, Saudi Arabia",British Journal of Ophthalmology,15,,False,Scopus,10.1136/bjo.2004.054684,True
Laser in situ keratomileusis for correction of high astigmatism after penetrating keratoplasty,2000,Rashad K.M.,"AL Mana General Hospital, Dammam 31451, P.O. Box 2366, Saudi Arabia",Journal of Refractive Surgery,43,,False,Scopus,10.3928/1081-597x-20001101-05,True
Terrien's marginal degeneration associated with posterior polymorphous dystrophy,1999,Wagoner M.D.; Teichmann K.D.,"Anterior Segment Division, Department of Ophthalmology, King Khaled Eye Specialist Hospital, Riyadh, Saudi Arabia; Massachusetts Eye and Ear Infirmary, Department of Ophthalmology, Harvard Medical School, Boston, MA, United States; King Khaled Eye Specialist Hospital, Riyadh 11462, P.O. Box 7191, Saudi Arabia",Cornea,11,Keratoconus; Marginal degeneration; Pellucid corneal; Posterior polymorphous dystrophy; Stromal-thinning disorders; Terrien's marginal degeneration,False,Scopus,10.1097/00003226-199909000-00017,True
Chemical injuries of the eye: Current concepts in pathophysiology and therapy,1997,Wagoner M.D.,"External Disease Division, King Khaled Eye Specialist Hospital, Riyadh, Saudi Arabia; Cornea Service, Massachusetts Eye and Ear Infirmary, Boston, MA, United States; Department of Ophthalmology, Harvard Medical School, Boston, MA, United States",Survey of Ophthalmology,499,acid; alkali; chemical injury; conjunctival transplantation; corneal epithelium; corneal limbus; corneal stroma; inflammation; limbal allograft; limbal autograft; mucous membrane transplantation; ocular surface; penetrating keratoplasty; tenoplasty,False,Scopus,10.1016/S0039-6257(96)00007-0,True
Penetrating keratoplasty in congenital hereditary endothelial dystrophy,1997,Al-Rajhi A.A.; Wagoner M.D.,"King Khaled Eye Specialist Hospital, Riyadh 11462, P.O. Box 7191, Saudi Arabia",Ophthalmology,48,,False,Scopus,10.1016/S0161-6420(97)30200-0,True
Management of perforations during epikeratoplasty for keratoconus,1996,Teichmann K.D.,"c/o Medical Library, King Khaled Eye Specialist Hospital, Riyadh 11462, P.O. Box 7191, Saudi Arabia",Journal of Cataract and Refractive Surgery,1,,False,Scopus,10.1016/S0886-3350(96)80061-7,True
Posterior keratoconus: Case report with scanning electron microscopy,1995,Al-Hazzaa S.A.F.; Specht C.S.; McLean I.W.; Harris Jr. D.J.,"Section of Ophthalmology, Department of Surgery, K. Faisal Specialist Hosp./Res. Ctr., Riyadh 11211, P. O. Box 3354, Saudi Arabia",Cornea,12,Cornea; Posterior keratoconus; Scanning electron microscopy,False,Scopus,10.1097/00003226-199505000-00014,True
Epikeratoplasty for Keratoglobus Associated with Blue Sclera,1991,Cameron J.A.; Cotter J.B.; Risco J.M.; Alvarez H.,"King Khaled Eye Specialist Hospital, Riyadh, Saudi Arabia",Ophthalmology,37,,False,Scopus,10.1016/S0161-6420(91)32271-1,True
